Time	pSmad3
0	0.033159024
0.5	0.1839189195
1	0.5248443173
2	0.226605181
4	0.0165734003
8	0.0148991579

