Interactie	Interactors	MI
A1CF	ACSS3	0.20199846
A1CF	ACTBL2	0.12492348
A1CF	ADAMTSL1	0.11041635
A1CF	ADM	0.15795847
A1CF	AKAP12	0.17084997
A1CF	ANKRD36B	0.08815181
A1CF	APBB2	0.08254526
A1CF	B4GALT1	0.16727492
A1CF	BCL7A	0.09057609
A1CF	BRF1	0.19670927
A1CF	CAMK2A	0.15085087
A1CF	CCDC90B	0.2541504
A1CF	CCNJL	0.12866719
A1CF	CMTM4	0.09600695
A1CF	COL7A1	0.10344802
A1CF	CTXN1	0.09219639
A1CF	CX3CL1	0.1375739
A1CF	CYFIP2	0.14574834
A1CF	DCDC2	0.07994476
A1CF	EDAR	0.11751387
A1CF	F3	0.23486881
A1CF	FAM170A	0.10576755
A1CF	FER	0.12684889
A1CF	FJX1	0.08590221
A1CF	GCNT1	0.22563548
A1CF	HES1	0.12923053
A1CF	HYKK	0.12514037
A1CF	HYOU1	0.08025668
A1CF	JAZF1	0.14197354
A1CF	LCMT2	0.12183497
A1CF	NIPAL4	0.2061494
A1CF	NIPAL4	0.13790726
A1CF	NUDT6	0.1043187
A1CF	PMM2	0.17756414
A1CF	PRICKLE2	0.22129466
A1CF	RAB3A	0.09907827
A1CF	SLC7A1	0.12252463
A1CF	SMYD4	0.1260778
A1CF	SNAPC4	0.1191461
A1CF	TCN2	0.12217771
A1CF	TPP1	0.13817238
A1CF	WDR62	0.0921589
A1CF	ZNF469	0.07847439
A1CF	ZNF71	0.08595599
ABCA5	AKT1S1	0.18778519
ABCA5	AMT	0.14971969
ABCA5	BTG2	0.19680787
ABCA5	HES1	0.08254276
ABCA5	KCNJ5	0.10450354
ABCA5	LDB3	0.12357774
ABCA5	SRC	0.18293891
ABCB8	EDC4	0.16873057
ABCD4	FER	0.10148671
ABHD17C	SECTM1	0.21582629
