Interactie,Interactors,MI
A1CF,ABCA5,0.1375739
A1CF,ABCB8,0.12252463
A1CF,ABCD4,0.08025668
A1CF,ACVR2B,0.09219639
A1CF,ADAMTSL1,0.08590221
A1CF,AKT1S1,0.12866719
A1CF,AMOTL2,0.20199846
A1CF,BACE1,0.11751387
A1CF,BTG2,0.08254276
A1CF,CD28,0.12217771
A1CF,COLCA1,0.14574834
A1CF,CSPP1,0.2061494
A1CF,DUSP6,0.1191461
A1CF,ENPP3,0.12492348
A1CF,EPB41L3,0.0921589
A1CF,EPM2AIP1,0.12183497
A1CF,FAM161B,0.22563548
A1CF,FER,0.1043187
A1CF,GCNT1,0.14197354
A1CF,HOXB13,0.10450354
A1CF,ICAM4,0.1260778
A1CF,PDK1,0.12357774
A1CF,PPM1E,0.19670927
A1CF,PRICKLE2,0.15085087
A1CF,RESP18,0.08254526
A1CF,RND2,0.09057609
A1CF,SAV1,0.09600695
A1CF,SMYD4,0.08815181
A1CF,SORBS1,0.16727492
A1CF,WBSCR17,0.19680787
A1CF,ZNF512,0.12514037
A1CF,ZNF516,0.07847439
ABCA5,ABCB8,0.22129466
ABCA5,ABHD17C,0.15795847
ABCA5,AFDN,0.11041635
ABCA5,AMOTL2,0.16873057
ABCA5,ANKRD44,0.10148671
ABCA5,DUSP3,0.23486881
ABCA5,EPM2AIP1,0.08595599
ABCA5,FER,0.12923053
ABCA5,HOXB13,0.18293891
ABCA5,ICAM4,0.13790726
ABCA5,KIF2C,0.17756414
ABCA5,NIPAL4,0.21582629
ABCA5,SAV1,0.13817238
ABCA5,SERPINE1,0.07994476
ABCA5,SORBS1,0.18778519
ABCA5,TRUB1,0.14971969
ABCA5,ZNF512,0.17084997
ABCB8,CSPP1,0.10576755
ABCB8,FAM161B,0.12684889
ABCB8,NUDT6,0.10344802
ABCC8,PDK1,0.09907827
ABHD17C,PARP2,0.2541504
